item_id,condition,cycle_index,true_label,recorded_reason,model_probability,top_sensors
IT00A,A,4988,0,(pass),0.0,Filling_Time;Max_Switch_Over_Pressure;Max_Injection_Speed;Injection_Time;Max_Injection_Pressure
IT00B,B,4988,0,(pass),0.0,Barrel_Temperature_4;Barrel_Temperature_6;Barrel_Temperature_1;Max_Back_Pressure;Average_Back_Pressure
IT00C,C,4988,0,(pass),0.0,Cycle_Time;Average_Screw_RPM;Average_Back_Pressure;Mold_Temperature_4;Barrel_Temperature_4
IT01A,A,2971,0,(pass),0.0433,Filling_Time;Max_Injection_Speed;Injection_Time;Mold_Temperature_4;Max_Injection_Pressure
IT01B,B,2971,0,(pass),0.0433,Barrel_Temperature_4;Barrel_Temperature_6;Max_Back_Pressure;Barrel_Temperature_1;Average_Back_Pressure
IT01C,C,2971,0,(pass),0.0433,Barrel_Temperature_4;Average_Screw_RPM;Plasticizing_Time;Barrel_Temperature_3;Max_Switch_Over_Pressure
IT02A,A,2468,1,초기허용불량,0.9167,Filling_Time;Max_Switch_Over_Pressure;Max_Injection_Speed;Injection_Time;Max_Injection_Pressure
IT02B,B,2468,1,초기허용불량,0.9167,Barrel_Temperature_4;Barrel_Temperature_6;Barrel_Temperature_1;Hopper_Temperature;Max_Screw_RPM
IT02C,C,2468,1,초기허용불량,0.9167,Barrel_Temperature_3;Average_Back_Pressure;Barrel_Temperature_5;Max_Screw_RPM;Barrel_Temperature_2
IT03A,A,3048,0,(pass),0.0,Filling_Time;Max_Switch_Over_Pressure;Max_Injection_Speed;Injection_Time;Max_Injection_Pressure
IT03B,B,3048,0,(pass),0.0,Barrel_Temperature_4;Barrel_Temperature_6;Max_Back_Pressure;Barrel_Temperature_1;Average_Back_Pressure
IT03C,C,3048,0,(pass),0.0,Average_Screw_RPM;Barrel_Temperature_5;Barrel_Temperature_3;Clamp_Open_Position;Max_Back_Pressure
IT04A,A,3538,0,(pass),0.0433,Filling_Time;Max_Switch_Over_Pressure;Max_Injection_Speed;Plasticizing_Position;Average_Screw_RPM
IT04B,B,3538,0,(pass),0.0433,Barrel_Temperature_4;Barrel_Temperature_6;Max_Back_Pressure;Barrel_Temperature_1;Average_Back_Pressure
IT04C,C,3538,0,(pass),0.0433,Barrel_Temperature_4;Max_Injection_Pressure;Max_Screw_RPM;Cushion_Position;Barrel_Temperature_5
IT05A,A,2462,1,초기허용불량,0.8767,Filling_Time;Max_Switch_Over_Pressure;Max_Injection_Speed;Injection_Time;Average_Back_Pressure
IT05B,B,2462,1,초기허용불량,0.8767,Barrel_Temperature_4;Barrel_Temperature_6;Barrel_Temperature_1;Max_Back_Pressure;Average_Back_Pressure
IT05C,C,2462,1,초기허용불량,0.8767,Plasticizing_Position;Barrel_Temperature_3;Barrel_Temperature_2;Max_Screw_RPM;Barrel_Temperature_4
IT06A,A,2469,1,초기허용불량,0.9833,Filling_Time;Max_Switch_Over_Pressure;Max_Injection_Speed;Injection_Time;Max_Injection_Pressure
IT06B,B,2469,1,초기허용불량,0.9833,Barrel_Temperature_4;Barrel_Temperature_6;Max_Back_Pressure;Barrel_Temperature_1;Hopper_Temperature
IT06C,C,2469,1,초기허용불량,0.9833,Barrel_Temperature_1;Cushion_Position;Barrel_Temperature_5;Mold_Temperature_4;Barrel_Temperature_6
IT07A,A,4759,0,(pass),0.0,Filling_Time;Max_Switch_Over_Pressure;Max_Injection_Speed;Injection_Time;Max_Injection_Pressure
IT07B,B,4759,0,(pass),0.0,Barrel_Temperature_4;Barrel_Temperature_6;Barrel_Temperature_1;Max_Back_Pressure;Hopper_Temperature
IT07C,C,4759,0,(pass),0.0,Max_Screw_RPM;Average_Screw_RPM;Plasticizing_Position;Clamp_Close_Time;Cushion_Position
IT08A,A,3721,0,(pass),0.0867,Mold_Temperature_3;Plasticizing_Position;Mold_Temperature_4;Hopper_Temperature;Average_Screw_RPM
IT08B,B,3721,0,(pass),0.0867,Barrel_Temperature_4;Barrel_Temperature_6;Barrel_Temperature_1;Hopper_Temperature;Max_Screw_RPM
IT08C,C,3721,0,(pass),0.0867,Clamp_Open_Position;Injection_Time;Cushion_Position;Max_Switch_Over_Pressure;Average_Back_Pressure
IT09A,A,3722,0,(pass),0.0867,Mold_Temperature_3;Plasticizing_Position;Mold_Temperature_4;Hopper_Temperature;Average_Screw_RPM
IT09B,B,3722,0,(pass),0.0867,Barrel_Temperature_4;Barrel_Temperature_6;Barrel_Temperature_1;Hopper_Temperature;Max_Screw_RPM
IT09C,C,3722,0,(pass),0.0867,Barrel_Temperature_3;Max_Screw_RPM;Clamp_Close_Time;Max_Switch_Over_Pressure;Max_Injection_Speed
IT10A,A,2470,1,초기허용불량,0.9833,Filling_Time;Max_Switch_Over_Pressure;Max_Injection_Speed;Injection_Time;Max_Injection_Pressure
IT10B,B,2470,1,초기허용불량,0.9833,Barrel_Temperature_4;Barrel_Temperature_6;Max_Back_Pressure;Barrel_Temperature_1;Hopper_Temperature
IT10C,C,2470,1,초기허용불량,0.9833,Plasticizing_Position;Clamp_Close_Time;Max_Back_Pressure;Hopper_Temperature;Average_Screw_RPM
IT11A,A,2668,0,(pass),0.0,Filling_Time;Max_Switch_Over_Pressure;Max_Injection_Speed;Injection_Time;Max_Injection_Pressure
IT11B,B,2668,0,(pass),0.0,Barrel_Temperature_4;Barrel_Temperature_6;Max_Back_Pressure;Barrel_Temperature_1;Average_Back_Pressure
IT11C,C,2668,0,(pass),0.0,Average_Back_Pressure;Max_Screw_RPM;Hopper_Temperature;Mold_Temperature_4;Plasticizing_Time
IT12A,A,2472,1,초기허용불량,0.9067,Max_Switch_Over_Pressure;Max_Injection_Speed;Filling_Time;Injection_Time;Average_Back_Pressure
IT12B,B,2472,1,초기허용불량,0.9067,Barrel_Temperature_4;Barrel_Temperature_6;Barrel_Temperature_1;Max_Back_Pressure;Hopper_Temperature
IT12C,C,2472,1,초기허용불량,0.9067,Barrel_Temperature_2;Mold_Temperature_3;Plasticizing_Position;Barrel_Temperature_6;Cycle_Time
IT13A,A,2473,1,초기허용불량,0.6133,Max_Injection_Pressure;Max_Injection_Speed;Mold_Temperature_4;Mold_Temperature_3;Injection_Time
IT13B,B,2473,1,초기허용불량,0.6133,Barrel_Temperature_4;Barrel_Temperature_6;Barrel_Temperature_1;Max_Back_Pressure;Average_Back_Pressure
IT13C,C,2473,1,초기허용불량,0.6133,Barrel_Temperature_1;Barrel_Temperature_6;Plasticizing_Time;Max_Back_Pressure;Clamp_Close_Time
IT14A,A,3723,0,(pass),0.0133,Filling_Time;Max_Switch_Over_Pressure;Injection_Time;Max_Injection_Speed;Max_Injection_Pressure
IT14B,B,3723,0,(pass),0.0133,Barrel_Temperature_4;Barrel_Temperature_6;Barrel_Temperature_1;Max_Back_Pressure;Average_Back_Pressure
IT14C,C,3723,0,(pass),0.0133,Max_Screw_RPM;Clamp_Open_Position;Barrel_Temperature_6;Mold_Temperature_3;Clamp_Close_Time
IT15A,A,2471,1,초기허용불량,0.9067,Max_Switch_Over_Pressure;Max_Injection_Speed;Filling_Time;Injection_Time;Average_Back_Pressure
IT15B,B,2471,1,초기허용불량,0.9067,Barrel_Temperature_4;Barrel_Temperature_6;Barrel_Temperature_1;Max_Back_Pressure;Hopper_Temperature
IT15C,C,2471,1,초기허용불량,0.9067,Cycle_Time;Barrel_Temperature_6;Barrel_Temperature_1;Plasticizing_Position;Average_Screw_RPM
IT16A,A,3512,0,(pass),0.0,Filling_Time;Max_Switch_Over_Pressure;Max_Injection_Speed;Injection_Time;Max_Injection_Pressure
IT16B,B,3512,0,(pass),0.0,Barrel_Temperature_4;Barrel_Temperature_6;Barrel_Temperature_1;Max_Back_Pressure;Average_Back_Pressure
IT16C,C,3512,0,(pass),0.0,Barrel_Temperature_2;Barrel_Temperature_4;Plasticizing_Position;Barrel_Temperature_3;Hopper_Temperature
IT17A,A,3021,0,(pass),0.0867,Filling_Time;Max_Switch_Over_Pressure;Plasticizing_Position;Max_Injection_Pressure;Average_Screw_RPM
IT17B,B,3021,0,(pass),0.0867,Barrel_Temperature_4;Max_Back_Pressure;Barrel_Temperature_1;Average_Back_Pressure;Max_Injection_Speed
IT17C,C,3021,0,(pass),0.0867,Barrel_Temperature_6;Cushion_Position;Hopper_Temperature;Injection_Time;Mold_Temperature_3
