item_id,plausibility,actionability,root_cause,window,confidence
IT00A,,,,,
IT00B,,,,,
IT00C,,,,,
IT01A,,,,,
IT01B,,,,,
IT01C,,,,,
IT02A,,,,,
IT02B,,,,,
IT02C,,,,,
IT03A,,,,,
IT03B,,,,,
IT03C,,,,,
IT04A,,,,,
IT04B,,,,,
IT04C,,,,,
IT05A,,,,,
IT05B,,,,,
IT05C,,,,,
IT06A,,,,,
IT06B,,,,,
IT06C,,,,,
IT07A,,,,,
IT07B,,,,,
IT07C,,,,,
IT08A,,,,,
IT08B,,,,,
IT08C,,,,,
IT09A,,,,,
IT09B,,,,,
IT09C,,,,,
IT10A,,,,,
IT10B,,,,,
IT10C,,,,,
IT11A,,,,,
IT11B,,,,,
IT11C,,,,,
IT12A,,,,,
IT12B,,,,,
IT12C,,,,,
IT13A,,,,,
IT13B,,,,,
IT13C,,,,,
IT14A,,,,,
IT14B,,,,,
IT14C,,,,,
IT15A,,,,,
IT15B,,,,,
IT15C,,,,,
IT16A,,,,,
IT16B,,,,,
IT16C,,,,,
IT17A,,,,,
IT17B,,,,,
IT17C,,,,,
