part,quantity,value
data,cycles x sensors,5232 x 26
data,defects (base rate),60 (1.15%)
data,sensors with a >0.9 twin,19 / 26
data,leakage under independent masking,64% (block masking: 0%)
data,effective rank of the sensor block,4.1 (PCs for 95%: 6)
data,correlated blocks,9
lejepa,latent dim,8
lejepa,"best val loss (epoch / stopped), seed 42",0.0872 (61 / 86)
lejepa,"latent effective rank, seed 42",2.13
lejepa,latent effective rank over seeds,2.48 +- 0.33
lejepa,pre-training time per run,10 s (CPU)
active learning,"defects in top-300, seed 42",7 in ~2 events (random: 3.4)
active learning,lejepa defects over seeds,10.6 +- 1.0
active learning,random defects over seeds,2.6 +- 0.8
active learning,pca defects over seeds,16.0 +- 0.0
supervised,"holdout AUPRC, seed 42 (LeJEPA vs random)",0.0695 vs 0.0910 +- 0.0668
supervised,fixed-test AUPRC (LeJEPA vs random),0.2564 vs 0.1429 +- 0.0858
supervised,LeJEPA latent error: defects | AUPRC over seeds,10.6 +- 1.0 | 0.0947 +- 0.0430
supervised,Random sampling: defects | AUPRC over seeds,2.6 +- 0.8 | 0.0801 +- 0.0548
supervised,PCA(4) reconstruction error: defects | AUPRC over seeds,16.0 +- 0.0 | 0.0286 +- 0.0018
explanation,top-2 sensors by mean |SHAP|,"Filling_Time, Max_Switch_Over_Pressure"
explanation,expert packet,54 blinded items in ../outputs/expert_study
